"coachID","year","tmID","lgID","stint"
"aglerbr99w",10,"SEA","WNBA",0
"bouceje01w",10,"SAC","WNBA",1
"coopemi01w",10,"LAS","WNBA",0
"coylepa99w",10,"NYL","WNBA",1
"donovan99w",10,"NYL","WNBA",2
"gaineco01w",10,"PHO","WNBA",0
"gilloje01w",10,"MIN","WNBA",0
"hugheda99w",10,"SAS","WNBA",0
"laimbbi01w",10,"DET","WNBA",1
"mahorri01w",10,"DET","WNBA",2
"meadoma99w",10,"ATL","WNBA",0
"plankju99w",10,"WAS","WNBA",0
"thibami99w",10,"CON","WNBA",0
"whisejo99w",10,"SAC","WNBA",2
