"playerID","year","stint","tmID","lgID"
"ajavoma01w",10,0,"WAS","WNBA"
"anosini01w",10,0,"MIN","WNBA"
"atkinla01w",10,0,"SEA","WNBA"
"augusse01w",10,0,"MIN","WNBA"
"bakersh01w",10,0,"DET","WNBA"
"batkosu01w",10,0,"SEA","WNBA"
"battlas01w",10,0,"NYL","WNBA"
"beardal01w",10,0,"WAS","WNBA"
"beviltu01w",10,0,"IND","WNBA"
"birdsu01w",10,0,"SEA","WNBA"
"blackch01w",10,0,"CON","WNBA"
"blueni01w",10,0,"WAS","WNBA"
"bobbish01w",10,0,"LAS","WNBA"
"boddiwh01w",10,0,"SAC","WNBA"
"bonnede01w",10,0,"PHO","WNBA"
"braxtka01w",10,0,"DET","WNBA"
"brownki01w",10,0,"CON","WNBA"
"brunsre01w",10,0,"SAC","WNBA"
"burseja01w",10,0,"SEA","WNBA"
"cantydo01w",10,0,"CHI","WNBA"
"carsoes01w",10,0,"NYL","WNBA"
"cashsw01w",10,0,"SEA","WNBA"
"castriz01w",10,0,"ATL","WNBA"
"catchta01w",10,0,"IND","WNBA"
"chrissh01w",10,0,"NYL","WNBA"
"cironkr01w",10,0,"CON","WNBA"
"colemma01w",10,0,"WAS","WNBA"
"currimo01w",10,0,"WAS","WNBA"
"darlihe01w",10,0,"SAS","WNBA"
"davenje01w",10,0,"IND","WNBA"
"davista02w",10,0,"DET","WNBA"
"deforan01w",10,0,"DET","WNBA"
"desouer01w",10,0,"ATL","WNBA"
"dixonta01w",10,0,"IND","WNBA"
"douglka01w",10,0,"IND","WNBA"
"dupreca01w",10,0,"CHI","WNBA"
"elysh01w",10,0,"CHI","WNBA"
"ervinla01w",10,0,"CON","WNBA"
"farriba01w",10,0,"DET","WNBA"
"ferdima01w",10,0,"LAS","WNBA"
"fordch01w",10,0,"DET","WNBA"
"fowlesy01w",10,0,"CHI","WNBA"
"frankaq01w",10,0,"SEA","WNBA"
"frazeme01w",10,0,"SAS","WNBA"
"gardike01w",10,0,"CON","WNBA"
"gearlka01w",10,0,"SEA","WNBA"
"griffyo01w",10,0,"IND","WNBA"
"grudasa01w",10,0,"CON","WNBA"
"hammobe01w",10,0,"SAS","WNBA"
"hardili01w",10,0,"WAS","WNBA"
"harpela01w",10,0,"SAC","WNBA"
"harrokr01w",10,0,"LAS","WNBA"
"haydeva01w",10,0,"LAS","WNBA"
"haynikr01w",10,1,"DET","WNBA"
"haynikr01w",10,2,"SAC","WNBA"
"hodgero01w",10,0,"MIN","WNBA"
"hoffmeb01w",10,0,"IND","WNBA"
"holdsch01w",10,0,"ATL","WNBA"
"holliqu01w",10,0,"MIN","WNBA"
"holtam01w",10,0,"CON","WNBA"
"hornbal01w",10,0,"DET","WNBA"
"houstch01w",10,0,"MIN","WNBA"
"humphta01w",10,2,"MIN","WNBA"
"humphta01w",10,1,"WAS","WNBA"
"jacksla01w",10,0,"SEA","WNBA"
"jacksti02w",10,0,"NYL","WNBA"
"januabr01w",10,0,"IND","WNBA"
"jekaban01w",10,0,"CON","WNBA"
"johnssh01w",10,0,"SEA","WNBA"
"johnste01w",10,0,"PHO","WNBA"
"johnsvi01w",10,0,"SAS","WNBA"
"jonesas01w",10,0,"CON","WNBA"
"kellycr01w",10,2,"DET","WNBA"
"kellycr01w",10,1,"SAC","WNBA"
"kraayca01w",10,0,"NYL","WNBA"
"lacyje01w",10,0,"ATL","WNBA"
"langhcr01w",10,0,"WAS","WNBA"
"larkier01w",10,0,"NYL","WNBA"
"lattaiv01w",10,0,"ATL","WNBA"
"lawsoed01w",10,0,"SAS","WNBA"
"lawsoka01w",10,0,"SAC","WNBA"
"lehnish01w",10,0,"ATL","WNBA"
"lennobe01w",10,0,"LAS","WNBA"
"leslili01w",10,0,"LAS","WNBA"
"littlca01w",10,0,"SEA","WNBA"
"lyttlsa01w",10,0,"ATL","WNBA"
"maigaha01w",10,0,"SAC","WNBA"
"mannkr01w",10,0,"WAS","WNBA"
"mazzake01w",10,0,"PHO","WNBA"
"mccanra01w",10,0,"MIN","WNBA"
"mccarja01w",10,0,"NYL","WNBA"
"mccouan01w",10,0,"ATL","WNBA"
"mcwilta01w",10,0,"DET","WNBA"
"melvich01w",10,0,"WAS","WNBA"
"millebr01w",10,0,"DET","WNBA"
"milleco01w",10,0,"ATL","WNBA"
"milleke01w",10,0,"MIN","WNBA"
"miltode01w",10,0,"LAS","WNBA"
"mitchle01w",10,0,"NYL","WNBA"
"montaan01w",10,0,"MIN","WNBA"
"montgre01w",10,0,"MIN","WNBA"
"mooreje01w",10,0,"IND","WNBA"
"moorelo01w",10,0,"NYL","WNBA"
"mosbybe01w",10,0,"WAS","WNBA"
"murphsh01w",10,0,"IND","WNBA"
"nanch01w",10,0,"CHI","WNBA"
"newtoch01w",10,0,"SAC","WNBA"
"nolande01w",10,0,"DET","WNBA"
"ohldeni01w",10,0,"PHO","WNBA"
"parisco01w",10,0,"SAC","WNBA"
"parkeca01w",10,0,"LAS","WNBA"
"penicti01w",10,0,"SAC","WNBA"
"perkiji01w",10,0,"CHI","WNBA"
"philler01w",10,0,"CON","WNBA"
"pierspl01w",10,0,"DET","WNBA"
"pondeca01w",10,0,"PHO","WNBA"
"powelni01w",10,0,"SAC","WNBA"
"pricear01w",10,2,"ATL","WNBA"
"pricear01w",10,1,"CHI","WNBA"
"pringla01w",10,0,"MIN","WNBA"
"quiglal01w",10,0,"PHO","WNBA"
"quinnno01w",10,0,"LAS","WNBA"
"rileyru01w",10,0,"SAS","WNBA"
"robinas01w",10,0,"SEA","WNBA"
"sanfona01w",10,0,"WAS","WNBA"
"sanniol01w",10,0,"DET","WNBA"
"schumke01w",10,0,"DET","WNBA"
"sharpkb01w",10,0,"CHI","WNBA"
"smithbr01w",10,0,"PHO","WNBA"
"smithka01w",10,0,"DET","WNBA"
"smithta01w",10,0,"PHO","WNBA"
"snellbe01w",10,0,"SAS","WNBA"
"snowmi01w",10,0,"ATL","WNBA"
"spencsi01w",10,0,"NYL","WNBA"
"suttota01w",10,0,"IND","WNBA"
"swanike01w",10,0,"PHO","WNBA"
"tauradi01w",10,0,"PHO","WNBA"
"taylope01w",10,0,"PHO","WNBA"
"teaslni01w",10,1,"ATL","WNBA"
"teaslni01w",10,2,"DET","WNBA"
"thomach01w",10,0,"MIN","WNBA"
"thompti01w",10,0,"LAS","WNBA"
"thorner01w",10,0,"CHI","WNBA"
"tolivkr01w",10,0,"CHI","WNBA"
"turneba01w",10,0,"CON","WNBA"
"vaughki01w",10,0,"NYL","WNBA"
"walkeas01w",10,0,"SEA","WNBA"
"walkede01w",10,0,"SAC","WNBA"
"wautean01w",10,0,"SAS","WNBA"
"whaleli01w",10,0,"CON","WNBA"
"whiteer01w",10,0,"IND","WNBA"
"whiteta01w",10,0,"CON","WNBA"
"whitmta01w",10,0,"CON","WNBA"
"whittkh01w",10,0,"IND","WNBA"
"wiggica01w",10,0,"MIN","WNBA"
"willile01w",10,0,"PHO","WNBA"
"willili01w",10,0,"SAC","WNBA"
"wirthch01w",10,0,"IND","WNBA"
"wisdoli01w",10,0,"LAS","WNBA"
"wrighta01w",10,0,"SEA","WNBA"
"wyckobr01w",10,0,"CHI","WNBA"
"youngso01w",10,0,"SAS","WNBA"
"youngta01w",10,1,"ATL","WNBA"
"youngta01w",10,2,"CHI","WNBA"
"zellosh01w",10,0,"DET","WNBA"
